Entry_original,Organism,Entry_Hs,Gene_name,Protein_name,AH_or_Not,AA_sequence,Prediction,Schirmer_2003,Korfali_2010,Wilkie_2010,Korfali_2012,Korfali_2012_NE:MM-ratio,Cheng_2019,Cheng_2019_Score:Undiff,Cheng_2019_Score:Adipo,Cheng_2019_Score:Myo,#ProteomePapers,HPA,HPA_reliability,HPA_loc,Uniprot_NEorER,Uniprot_subcell,Results
Q7Z7N9,Homo sapiens,Q7Z7N9,TMEM179B,Transmembrane protein 179B,Non-AH,"MALSWLQRVELALFAAAFLCGAVAAAAMTRTQGSFSGRCPLYGVATLNGSSLALSRPSAPSLCYFVAGASGLLALYCLLLLLFWIYSSCIEDSHRGAIGLRIALAISAIAVFLVLVSACILRFGTRSLCNSIISLNTTISCSEAQKIPWTPPGTALQFYSNLHNAETSSWVNLVLWCVVLVLQVVQWKSEATPYRPLERGDPEWSSETDALVGSRLSHS
","000000000000000000000000000000000000000000000000000000000000000000000000000000000000000000000000000000000000000000000000000000000000000000000000000000000000000000000000000000000000000000000000000000000000000000000000000
",0.0,1.0,0.0,0.0,0.0,0.0,0.0,0.0,0.0,1.0,1,Validated,Nuclear speckles: Validated,0.0,Membrane,"{'entryType': 'UniProtKB reviewed (Swiss-Prot)', 'primaryAccession': 'Q7Z7N9', 'comments': [{'commentType': 'SUBCELLULAR LOCATION', 'subcellularLocations': [{'location': {'evidences': [{'evidenceCode': 'ECO:0000305'}], 'value': 'Membrane', 'id': 'SL-0162'}, 'topology': {'evidences': [{'evidenceCode': 'ECO:0000305'}], 'value': 'Multi-pass membrane protein', 'id': 'SL-9909'}}]}]}"
Q9HCU5,Homo sapiens,Q9HCU5,PREB,Prolactin regulatory element-binding protein,Non-AH,"MGRRRAPELYRAPFPLYALQVDPSTGLLIAAGGGGAAKTGIKNGVHFLQLELINGRLSASLLHSHDTETRATMNLALAGDILAAGQDAHCQLLRFQAHQQQGNKAEKAGSKEQGPRQRKGAAPAEKKCGAETQHEGLELRVENLQAVQTDFSSDPLQKVVCFNHDNTLLATGGTDGYVRVWKVPSLEKVLEFKAHEGEIEDLALGPDGKLVTVGRDLKASVWQKDQLVTQLHWQENGPTFSSTPYRYQACRFGQVPDQPAGLRLFTVQIPHKRLRQPPPCYLTAWDGSNFLPLRTKSCGHEVVSCLDVSESGTFLGLGTVTGSVAIYIAFSLQCLYYVREAHGIVVTDVAFLPEKGRGPELLGSHETALFSVAVDSRCQLHLLPSRRSVPVWLLLLLCVGLIIVTILLLQSAFPGFL
","000000000000000000000000000000000000000000000000000000000000000000000000000000000000000000000000000000000000000000000000000000000000000000000000000000000000000000000000000000000000000000000000000000000000000000000000000000000000000000000000000000000000000000000000000000000000000000000000000000000000000000000000000000000000000000000000000000000000000000000000000000000000000000000000000000000000000000000000000000000
",0.0,0.0,0.0,0.0,0.0,1.0,0.4594410762531696,0.4879354901948952,0.5531533923483856,1.0,0,NO,NO,1.0,"Endoplasmic reticulum membrane, Nucleus","{'entryType': 'UniProtKB reviewed (Swiss-Prot)', 'primaryAccession': 'Q9HCU5', 'comments': [{'commentType': 'SUBCELLULAR LOCATION', 'note': {'texts': [{'evidences': [{'evidenceCode': 'ECO:0000269', 'source': 'PubMed', 'id': '25202031'}, {'evidenceCode': 'ECO:0000269', 'source': 'PubMed', 'id': '28442536'}], 'value': 'Concentrates at endoplasmic reticulum exit sites (ERES), also known as transitional endoplasmic reticulum (tER)'}]}, 'subcellularLocations': [{'location': {'evidences': [{'evidenceCode': 'ECO:0000250', 'source': 'UniProtKB', 'id': 'Q9WTV0'}], 'value': 'Endoplasmic reticulum membrane', 'id': 'SL-0097'}, 'topology': {'evidences': [{'evidenceCode': 'ECO:0000250', 'source': 'UniProtKB', 'id': 'Q9WTV0'}], 'value': 'Single-pass membrane protein', 'id': 'SL-9904'}}, {'location': {'evidences': [{'evidenceCode': 'ECO:0000250', 'source': 'UniProtKB', 'id': 'Q9WTV0'}], 'value': 'Nucleus', 'id': 'SL-0191'}}]}]}"
P48651,Homo sapiens,P48651,PTDSS1,Phosphatidylserine synthase 1,Non-AH,"MASCVGSRTLSKDDVNYKMHFRMINEQQVEDITIDFFYRPHTITLLSFTIVSLMYFAFTRDDSVPEDNIWRGILSVIFFFLIISVLAFPNGPFTRPHPALWRMVFGLSVLYFLFLVFLLFLNFEQVKSLMYWLDPNLRYATREADVMEYAVNCHVITWERIISHFDIFAFGHFWGWAMKALLIRSYGLCWTISITWELTELFFMHLLPNFAECWWDQVILDILLCNGGGIWLGMVVCRFLEMRTYHWASFKDIHTTTGKIKRAVLQFTPASWTYVRWFDPKSSFQRVAGVYLFMIIWQLTELNTFFLKHIFVFQASHPLSWGRILFIGGITAPTVRQYYAYLTDTQCKRVGTQCWVFGVIGFLEAIVCIKFGQDLFSKTQILYVVLWLLCVAFTTFLCLYGMIWYAEHYGHREKTYSECEDGTYSPEISWHHRKGTKGSEDSPPKHAGNNESHSSRRRNRHSKSKVTNGVGKK
","00000000000000000000000000000000000000000000000000000000000000000000000000000000000000000000000000000000000000000000000000000000000000000000000000000000000000000000000000000000000000000000000000000000000000000000000000000000000000000000000000000000000000000000000000000000000000000000000000000000000000000000000000000000000000000000000000000000000000000000000000000000000000000000000000000000000000000000000000000000000000000000000000000000000000000000000000000000000000000
",0.0,1.0,1.0,0.0,0.0,0.0,0.0,0.0,0.0,2.0,0,NO,NO,1.0,Endoplasmic reticulum membrane,"{'entryType': 'UniProtKB reviewed (Swiss-Prot)', 'primaryAccession': 'P48651', 'comments': [{'commentType': 'SUBCELLULAR LOCATION', 'note': {'texts': [{'evidences': [{'evidenceCode': 'ECO:0000250', 'source': 'UniProtKB', 'id': 'Q99LH2'}], 'value': 'Highly enriched in the mitochondria-associated membrane (MAM)'}]}, 'subcellularLocations': [{'location': {'evidences': [{'evidenceCode': 'ECO:0000250', 'source': 'UniProtKB', 'id': 'Q99LH2'}], 'value': 'Endoplasmic reticulum membrane', 'id': 'SL-0097'}, 'topology': {'evidences': [{'evidenceCode': 'ECO:0000250', 'source': 'UniProtKB', 'id': 'Q99LH2'}], 'value': 'Multi-pass membrane protein', 'id': 'SL-9909'}}]}]}"
Q8N2F6,Homo sapiens,Q8N2F6,ARMC10,Armadillo repeat-containing protein 10,Non-AH,"MGGPRGAGWVAAGLLLGAGACYCIYRLTRGRRRGDRELGIRSSKSAGALEEGTSEGQLCGRSARPQTGGTWESQWSKTSQPEDLTDGSYDDVLNAEQLQKLLYLLESTEDPVIIERALITLGNNAAFSVNQAIIRELGGIPIVANKINHSNQSIKEKALNALNNLSVNVENQIKIKIYISQVCEDVFSGPLNSAVQLAGLTLLTNMTVTNDHQHMLHSYITDLFQVLLTGNGNTKVQVLKLLLNLSENPAMTEGLLRAQVDSSFLSLYDSHVAKEILLRVLTLFQNIKNCLKIEGHLAVQPTFTEGSLFFLLHGEECAQKIRALVDHHDAEVKEKVVTIIPKI
","0000000000000000000000000000000000000000000000000000000000000000000000000000000000000000000000000000000000000000000000000000000000000000000000000000000000000000000000000000000000000000000000000000000000000000000000000000000000000000000000000000000000000000000000000000000000000000000000000000000000000000000000000000000000000000000000000000000
",0.0,0.0,0.0,0.0,0.0,1.0,0.5498978919824201,0.2431489182202526,0.2773243949938865,1.0,0,NO,NO,1.0,"Endoplasmic reticulum membrane, Mitochondrion outer membrane","{'entryType': 'UniProtKB reviewed (Swiss-Prot)', 'primaryAccession': 'Q8N2F6', 'comments': [{'commentType': 'SUBCELLULAR LOCATION', 'subcellularLocations': [{'location': {'evidences': [{'evidenceCode': 'ECO:0000269', 'source': 'PubMed', 'id': '12839973'}], 'value': 'Endoplasmic reticulum membrane', 'id': 'SL-0097'}, 'topology': {'evidences': [{'evidenceCode': 'ECO:0000255'}], 'value': 'Single-pass membrane protein', 'id': 'SL-9904'}}]}, {'commentType': 'SUBCELLULAR LOCATION', 'molecule': 'Isoform 2', 'subcellularLocations': [{'location': {'evidences': [{'evidenceCode': 'ECO:0000269', 'source': 'PubMed', 'id': '27184847'}], 'value': 'Mitochondrion outer membrane', 'id': 'SL-0172'}, 'topology': {'evidences': [{'evidenceCode': 'ECO:0000255'}], 'value': 'Single-pass membrane protein', 'id': 'SL-9904'}}]}]}"
O75477,Homo sapiens,O75477,ERLIN1,Erlin-1,Non-AH,"MNMTQARVLVAAVVGLVAVLLYASIHKIEEGHLAVYYRGGALLTSPSGPGYHIMLPFITTFRSVQTTLQTDEVKNVPCGTSGGVMIYIDRIEVVNMLAPYAVFDIVRNYTADYDKTLIFNKIHHELNQFCSAHTLQEVYIELFDQIDENLKQALQKDLNLMAPGLTIQAVRVTKPKIPEAIRRNFELMEAEKTKLLIAAQKQKVVEKEAETERKKAVIEAEKIAQVAKIRFQQKVMEKETEKRISEIEDAAFLAREKAKADAEYYAAHKYATSNKHKLTPEYLELKKYQAIASNSKIYFGSNIPNMFVDSSCALKYSDIRTGRESSLPSKEALEPSGENVIQNKESTG
","000000000000000000000000000000000000000000000000000000000000000000000000000000000000000000000000000000000000000000000000000000000000000000000000000000000000000000000000000000000000000000000000000000000000000000000000000000000000000000000000000000000000000000000000000000000000000000000000000000000000000000000000000000000000000000000000000000000000
",0.0,0.0,0.0,0.0,0.0,1.0,0.7131321108294382,0.2887253199698397,0.3005120653322191,1.0,0,NO,NO,1.0,Endoplasmic reticulum membrane,"{'entryType': 'UniProtKB reviewed (Swiss-Prot)', 'primaryAccession': 'O75477', 'comments': [{'commentType': 'SUBCELLULAR LOCATION', 'note': {'texts': [{'value': 'Associated with lipid raft-like domains of the endoplasmic reticulum membrane'}]}, 'subcellularLocations': [{'location': {'evidences': [{'evidenceCode': 'ECO:0000269', 'source': 'PubMed', 'id': '11118313'}, {'evidenceCode': 'ECO:0000269', 'source': 'PubMed', 'id': '16835267'}, {'evidenceCode': 'ECO:0000269', 'source': 'PubMed', 'id': '19240031'}], 'value': 'Endoplasmic reticulum membrane', 'id': 'SL-0097'}, 'topology': {'evidences': [{'evidenceCode': 'ECO:0000269', 'source': 'PubMed', 'id': '11118313'}, {'evidenceCode': 'ECO:0000269', 'source': 'PubMed', 'id': '16835267'}, {'evidenceCode': 'ECO:0000269', 'source': 'PubMed', 'id': '19240031'}], 'value': 'Single-pass type II membrane protein', 'id': 'SL-9906'}}]}]}"
P11836,Homo sapiens,P11836,MS4A1,B-lymphocyte antigen CD20,Non-AH,"MTTPRNSVNGTFPAEPMKGPIAMQSGPKPLFRRMSSLVGPTQSFFMRESKTLGAVQIMNGLFHIALGGLLMIPAGIYAPICVTVWYPLWGGIMYIISGSLLAATEKNSRKCLVKGKMIMNSLSLFAAISGMILSIMDILNIKISHFLKMESLNFIRAHTPYINIYNCEPANPSEKNSPSTQYCYSIQSLFLGILSVMLIFAFFQELVIAGIVENEWKRTCSRPKSNIVLLSAEEKKEQTIEIKEEVVGLTETSSQPKNEEDIEIIPIQEEEEEETETNFPEPPQDQESSPIENDSSP
","000000000000000000000000000000000000000000000000000000000000000000000000000000000000000000000000000000000000000000000000000000000000000000000000000000000000000000000000000000000000000000000000000000000000000000000000000000000000000000000000000000000000000000000000000000000000000000000000000000000
",0.0,1.0,0.0,1.0,inf,0.0,0.0,0.0,0.0,2.0,0,NO,NO,0.0,"Cell membrane, Cell membrane","{'entryType': 'UniProtKB reviewed (Swiss-Prot)', 'primaryAccession': 'P11836', 'comments': [{'commentType': 'SUBCELLULAR LOCATION', 'note': {'texts': [{'evidences': [{'evidenceCode': 'ECO:0000269', 'source': 'PubMed', 'id': '12920111'}], 'value': 'Constitutively associated with membrane rafts'}]}, 'subcellularLocations': [{'location': {'evidences': [{'evidenceCode': 'ECO:0000269', 'source': 'PubMed', 'id': '12920111'}, {'evidenceCode': 'ECO:0000269', 'source': 'PubMed', 'id': '22615937'}], 'value': 'Cell membrane', 'id': 'SL-0039'}, 'topology': {'evidences': [{'evidenceCode': 'ECO:0000269', 'source': 'PubMed', 'id': '22615937'}], 'value': 'Multi-pass membrane protein', 'id': 'SL-9909'}}, {'location': {'evidences': [{'evidenceCode': 'ECO:0000269', 'source': 'PubMed', 'id': '22615937'}], 'value': 'Cell membrane', 'id': 'SL-0039'}, 'topology': {'evidences': [{'evidenceCode': 'ECO:0000269', 'source': 'PubMed', 'id': '22615937'}], 'value': 'Lipid-anchor', 'id': 'SL-9901'}}]}]}"
Q9NXE4,Homo sapiens,Q9NXE4,SMPD4,Sphingomyelin phosphodiesterase 4,Non-AH,"MTTFGAVAEWRLPSLRRATLWIPQWFAKKAIFNSPLEAAMAFPHLQQPSFLLASLKADSINKPFAQQCQDLVKVIEDFPAKELHTIFPWLVESIFGSLDGVLVGWNLRCLQGRVNPVEYSIVMEFLDPGGPMMKLVYKLQAEDYKFDFPVSYLPGPVKASIQECILPDSPLYHNKVQFTPTGGLGLNLALNPFEYYIFFFALSLITQKPLPVSLHVRTSDCAYFILVDRYLSWFLPTEGSVPPPLSSSPGGTSPSPPPRTPAIPFASYGLHHTSLLKRHISHQTSVNADPASHEIWRSETLLQVFVEMWLHHYSLEMYQKMQSPHAKLEVLHYRLSVSSALYSPAQPSLQALHAYQESFTPTEEHVLVVRLLLKHLHAFANSLKPEQASPSAHSHATSPLEEFKRAAVPRFVQQKLYLFLQHCFGHWPLDASFRAVLEMWLSYLQPWRYAPDKQAPGSDSQPRCVSEKWAPFVQENLLMYTKLFVGFLNRALRTDLVSPKHALMVFRVAKVFAQPNLAEMIQKGEQLFLEPELVIPHRQHRLFTAPTFTGSFLSPWPPAVTDASFKVKSHVYSLEGQDCKYTPMFGPEARTLVLRLAQLITQAKHTAKSISDQCAESPAGHSFLSWLGFSSMDTNGSYTANDLDEMGQDSVRKTDEYLEKALEYLRQIFRLSEAQLRQFTLALGTTQDENGKKQLPDCIVGEDGLILTPLGRYQIINGLRRFEIEYQGDPELQPIRSYEIASLVRTLFRLSSAINHRFAGQMAALCSRDDFLGSFCRYHLTEPGLASRHLLSPVGRRQVAGHTRGPRLSLRFLGSYRTLVSLLLAFFVASLFCVGPLPCTLLLTLGYVLYASAMTLLTERGKLHQP
","00000000000000000000000000000000000000000000000000000000000000000000000000000000000000000000000000000000000000000000000000000000000000000000000000000000000000000000000000000000000000000000000000000000000000000000000000000000000000000000000000000000000000000000000000000000000000000000000000000000000000000000000000000000000000000000000000000000000000000000000000000000000000000000000000000000000000000000000000000000000000000000000000000000000000000000000000000000000000000000000000000000000000000000000000000000000000000000000000000000000000000000000000000000000000000000000000000000000000000000000000000000000000000000000000000000000000000000000000000000000000000000000000000000000000000000000000000000000000000000000000000000000000000000000000000000000000000000000000000000000000000000000000000000000000000000000000000000000000000000000000000000000000000000000000
",1.0,1.0,1.0,1.0,105.61,1.0,0.93269966220108,0.8952355166637649,0.9834446545575042,5.0,0,NO,NO,1.0,"Endoplasmic reticulum membrane, Golgi apparatus membrane, Nucleus envelope, Cell membrane, sarcolemma","{'entryType': 'UniProtKB reviewed (Swiss-Prot)', 'primaryAccession': 'Q9NXE4', 'comments': [{'commentType': 'SUBCELLULAR LOCATION', 'subcellularLocations': [{'location': {'evidences': [{'evidenceCode': 'ECO:0000269', 'source': 'PubMed', 'id': '16517606'}, {'evidenceCode': 'ECO:0000269', 'source': 'PubMed', 'id': '18505924'}, {'evidenceCode': 'ECO:0000269', 'source': 'PubMed', 'id': '31495489'}], 'value': 'Endoplasmic reticulum membrane', 'id': 'SL-0097'}, 'topology': {'evidences': [{'evidenceCode': 'ECO:0000255'}], 'value': 'Single-pass membrane protein', 'id': 'SL-9904'}}, {'location': {'evidences': [{'evidenceCode': 'ECO:0000269', 'source': 'PubMed', 'id': '16517606'}], 'value': 'Golgi apparatus membrane', 'id': 'SL-0134'}, 'topology': {'evidences': [{'evidenceCode': 'ECO:0000255'}], 'value': 'Single-pass membrane protein', 'id': 'SL-9904'}}, {'location': {'evidences': [{'evidenceCode': 'ECO:0000269', 'source': 'PubMed', 'id': '31495489'}], 'value': 'Nucleus envelope', 'id': 'SL-0178'}}, {'location': {'evidences': [{'evidenceCode': 'ECO:0000250', 'source': 'UniProtKB', 'id': 'Q6ZPR5'}], 'value': 'Cell membrane, sarcolemma', 'id': 'SL-0238'}}]}]}"
P39656,Homo sapiens,P39656,DDOST,Dolichyl-diphosphooligosaccharide--protein glycosyltransferase 48 kDa subunit,Non-AH,"MGYFRCARAGSFGRRRKMEPSTAARAWALFWLLLPLLGAVCASGPRTLVLLDNLNVRETHSLFFRSLKDRGFELTFKTADDPSLSLIKYGEFLYDNLIIFSPSVEDFGGNINVETISAFIDGGGSVLVAASSDIGDPLRELGSECGIEFDEEKTAVIDHHNYDISDLGQHTLIVADTENLLKAPTIVGKSSLNPILFRGVGMVADPDNPLVLDILTGSSTSYSFFPDKPITQYPHAVGKNTLLIAGLQARNNARVIFSGSLDFFSDSFFNSAVQKAAPGSQRYSQTGNYELAVALSRWVFKEEGVLRVGPVSHHRVGETAPPNAYTVTDLVEYSIVIQQLSNGKWVPFDGDDIQLEFVRIDPFVRTFLKKKGGKYSVQFKLPDVYGVFQFKVDYNRLGYTHLYSSTQVSVRPLQHTQYERFIPSAYPYYASAFSMMLGLFIFSIVFLHMKEKEKSD
","000000000000000000000000000000000000000000000000000000000000000000000000000000000000000000000000000000000000000000000000000000000000000000000000000000000000000000000000000000000000000000000000000000000000000000000000000000000000000000000000000000000000000000000000000000000000000000000000000000000000000000000000000000000000000000000000000000000000000000000000000000000000000000000000000000000000000000000000000000000000000000000000000000000000000000000000
",0.0,0.0,0.0,0.0,0.0,1.0,0.3227555745777813,0.495221925015898,0.6312767436819068,1.0,0,NO,NO,1.0,Endoplasmic reticulum membrane,"{'entryType': 'UniProtKB reviewed (Swiss-Prot)', 'primaryAccession': 'P39656', 'comments': [{'commentType': 'SUBCELLULAR LOCATION', 'subcellularLocations': [{'location': {'evidences': [{'evidenceCode': 'ECO:0000250', 'source': 'UniProtKB', 'id': 'Q29381'}], 'value': 'Endoplasmic reticulum membrane', 'id': 'SL-0097'}, 'topology': {'evidences': [{'evidenceCode': 'ECO:0000250', 'source': 'UniProtKB', 'id': 'Q29381'}], 'value': 'Single-pass type I membrane protein', 'id': 'SL-9905'}}]}]}"
Q14165,Homo sapiens,Q14165,MLEC,Malectin,Non-AH,"MLGAWAVEGTAVALLRLLLLLLPPAIRGPGLGVAGVAGAAGAGLPESVIWAVNAGGEAHVDVHGIHFRKDPLEGRVGRASDYGMKLPILRSNPEDQILYQTERYNEETFGYEVPIKEEGDYVLVLKFAEVYFAQSQQKVFDVRLNGHVVVKDLDIFDRVGHSTAHDEIIPMSIRKGKLSVQGEVSTFTGKLYIEFVKGYYDNPKVCALYIMAGTVDDVPKLQPHPGLEKKEEEEEEEEYDEGSNLKKQTNKNRVQSGPRTPNPYASDNSSLMFPILVAFGVFIPTLFCLCRL
","0000000000000000000000000000000000000000000000000000000000000000000000000000000000000000000000000000000000000000000000000000000000000000000000000000000000000000000000000000000000000000000000000000000000000000000000000000000000000000000000000000000000000000000000000000000000000000000000000000
",0.0,0.0,0.0,0.0,0.0,1.0,0.5122223398494814,0.3987404731512448,0.526180979251005,1.0,0,NO,NO,1.0,Endoplasmic reticulum membrane,"{'entryType': 'UniProtKB reviewed (Swiss-Prot)', 'primaryAccession': 'Q14165', 'comments': [{'commentType': 'SUBCELLULAR LOCATION', 'subcellularLocations': [{'location': {'evidences': [{'evidenceCode': 'ECO:0000250'}], 'value': 'Endoplasmic reticulum membrane', 'id': 'SL-0097'}, 'topology': {'evidences': [{'evidenceCode': 'ECO:0000250'}], 'value': 'Single-pass type I membrane protein', 'id': 'SL-9905'}}]}]}"
O75425,Homo sapiens,O75425,MOSPD3,Motile sperm domain-containing protein 3,Non-AH,"MRRGAPQDQELVGPGPPGRGSRGAPPPLGPVVPVLVFPPDLVFRADQRSGPRQLLTLYNPTGTALRFRVLCTAPAKYTVFDAEGYVKPQSCIDIVIRHVAPIPSHYDVQDRFRIELSEEGAEGRVVGRKDITSILRAPAYPLELQGQPDPAPRPGPPAGTPPPTARHFQEHPRQQLATSSFLLFLLTGIVSVAFLLLPLPDELGSQLPQVLHVSLGQKLVAAYVLGLLTMVFLRT
","0000000000000000000000000000000000000000000000000000000000000000000000000000000000000000000000000000000000000000000000000000000000000000000000000000000000000000000000000000000000000000000000000000000000000000000000000000000000000000000
",1.0,0.0,1.0,1.0,1.21,0.0,0.0,0.0,0.0,3.0,0,NO,NO,0.0,Membrane,"{'entryType': 'UniProtKB reviewed (Swiss-Prot)', 'primaryAccession': 'O75425', 'comments': [{'commentType': 'SUBCELLULAR LOCATION', 'subcellularLocations': [{'location': {'evidences': [{'evidenceCode': 'ECO:0000305'}], 'value': 'Membrane', 'id': 'SL-0162'}, 'topology': {'evidences': [{'evidenceCode': 'ECO:0000305'}], 'value': 'Multi-pass membrane protein', 'id': 'SL-9909'}}]}]}"
B0K025,Rattus norvegicus,Q9NRP0,Ostc,Oligosaccharyltransferase complex subunit OSTC,Non-AH,"METLYRVPFLVLECPNLKLKKPPWVHMPSAMTVYALVVVSYFLITGGIIYDVIVEPPSVGSMTDEHGHQRPVAFLAYRVNGQYIMEGLASSFLFTMGGLGFIILDRSNAPNIPKLNRFLLLFIGFVCVLLSFFMARVFMRMKLPGYLMG
","00000000000000000000000000000000000000000000000000000000000000000000000000000000000000000000000000000000000000000000000000000000000000000000000000000
",0.0,0.0,0.0,1.0,2.12,1.0,0.4295375812214581,0.5007298723358352,0.3172598625513573,2.0,0,NO,NO,1.0,"Endoplasmic reticulum, Membrane","{'entryType': 'UniProtKB reviewed (Swiss-Prot)', 'primaryAccession': 'Q9NRP0', 'comments': [{'commentType': 'SUBCELLULAR LOCATION', 'subcellularLocations': [{'location': {'evidences': [{'evidenceCode': 'ECO:0000269', 'source': 'PubMed', 'id': '21768116'}], 'value': 'Endoplasmic reticulum', 'id': 'SL-0095'}}, {'location': {'evidences': [{'evidenceCode': 'ECO:0000305'}], 'value': 'Membrane', 'id': 'SL-0162'}, 'topology': {'evidences': [{'evidenceCode': 'ECO:0000305'}], 'value': 'Multi-pass membrane protein', 'id': 'SL-9909'}}]}]}"
Q5R8H1,Pongo abelii,Q9BX59,TAPBPL,Tapasin-related protein,Non-AH,"MGTQEGWCLLLCLALSGAAETKPHPAERQWRAADVVLDCFLAKDGGHRAALASSEDRARASLVLKQVPVLDDGSLEDFTDFQGGTLAQDDPPIIFEASVDLVQIPQAEALLHADCSGKEVTCEISRYFLQMKGTTVETEAWFMANVQVSGGGPSISMVMKTPRDAKNEALWHPTLNLPLSPQGTVRTAVEFQVMTQTQSLSFLLGSSASLDCGFSMTPGLDLISVEWRLQHKGRGQLVYSWTTGQGQAVRKGATLEPEQLGMARNASLTLPSLTIQDEGTYICQITTSLYRAQQIIQLNIQASPKVRLSLANEALLPTLICNIAGYYPLDVVVTWTREELGGSPAQVSGASFSSLRQSVAGTYSISSSLTAEPGSAGATYTCQVMHISLEEPLGASTQVVPPERRTALGVIFASSLFLLALLFLGLQRRQAPTRVGLLQAERWKTTSCADTQSSHLHEDRTACVSQPS
","000000000000000000000000000000000000000000000000000000000000000000000000000000000000000000000000000000000000000000000000000000000000000000000000000000000000000000000000000000000000000000000000000000000000000000000000000000000000000000000000000000000000000000000000000000000000000000000000000000000000000000000000000000000000000000000000000000000000000000000000000000000000000000000000000000000000000000000000000000000000000000000000000000000000000000000000000000000000
",0.0,1.0,0.0,1.0,1.62,0.0,0.0,0.0,0.0,2.0,0,NO,NO,1.0,"Cell membrane, Endoplasmic reticulum membrane, Microsome membrane, Golgi apparatus membrane","{'entryType': 'UniProtKB reviewed (Swiss-Prot)', 'primaryAccession': 'Q9BX59', 'comments': [{'commentType': 'SUBCELLULAR LOCATION', 'note': {'texts': [{'value': 'Mainly found in endoplasmic reticulum but a minority is found on the cell surface (PubMed:11920573)'}]}, 'subcellularLocations': [{'location': {'evidences': [{'evidenceCode': 'ECO:0000305', 'source': 'PubMed', 'id': '11920573'}], 'value': 'Cell membrane', 'id': 'SL-0039'}, 'topology': {'evidences': [{'evidenceCode': 'ECO:0000305', 'source': 'PubMed', 'id': '11920573'}], 'value': 'Single-pass type I membrane protein', 'id': 'SL-9905'}}, {'location': {'evidences': [{'evidenceCode': 'ECO:0000305', 'source': 'PubMed', 'id': '11920573'}], 'value': 'Endoplasmic reticulum membrane', 'id': 'SL-0097'}, 'topology': {'evidences': [{'evidenceCode': 'ECO:0000305', 'source': 'PubMed', 'id': '11920573'}], 'value': 'Single-pass type I membrane protein', 'id': 'SL-9905'}}, {'location': {'evidences': [{'evidenceCode': 'ECO:0000305', 'source': 'PubMed', 'id': '11920573'}], 'value': 'Microsome membrane', 'id': 'SL-0165'}, 'topology': {'evidences': [{'evidenceCode': 'ECO:0000305', 'source': 'PubMed', 'id': '11920573'}], 'value': 'Single-pass type I membrane protein', 'id': 'SL-9905'}}, {'location': {'evidences': [{'evidenceCode': 'ECO:0000269', 'source': 'PubMed', 'id': '23401559'}], 'value': 'Golgi apparatus membrane', 'id': 'SL-0134'}, 'topology': {'evidences': [{'evidenceCode': 'ECO:0000269', 'source': 'PubMed', 'id': '23401559'}], 'value': 'Single-pass type I membrane protein', 'id': 'SL-9905'}}]}]}"
Q5R809,Pongo abelii,Q9Y3A6,TMED5,Transmembrane emp24 domain-containing protein 5,Non-AH,"MGDKIWLPFPVLLLAALPPVLLPGAAGFTPSLDSDFTFTLPAGQRECFYQPMPLKASLEIEYQVLDGAGLDIDFHLASPEGKTLVFEQRKSDGVHTVETEVGDYMFCFDNTFSTISEKVIFFELILDNMGEQAQEQEDWKKYITGTDMLDMKLEDILESINSIKSRLSKSGHIQTLLRAFEARDRNIQESNFDRVNFWSMVNLVVMVVVSAIQVYMLKSLFEDKRKSRT
","0000000000000000000000000000000000000000000000000000000000000000000000000000000000000000000000000000000000000000000000000000000000000000000000000000000000000000000000000000000000000000000000000000000000000000000000000000000000000
",0.0,0.0,0.0,0.0,0.0,1.0,0.8694394969741238,0.2817715634322179,0.5936740511903658,1.0,0,NO,NO,1.0,"Endoplasmic reticulum membrane, Golgi apparatus, cis-Golgi network membrane, Endoplasmic reticulum-Golgi intermediate compartment membrane","{'entryType': 'UniProtKB reviewed (Swiss-Prot)', 'primaryAccession': 'Q9Y3A6', 'comments': [{'commentType': 'SUBCELLULAR LOCATION', 'note': {'texts': [{'value': 'Probably cycles between compartments of the early secretatory pathway'}]}, 'subcellularLocations': [{'location': {'evidences': [{'evidenceCode': 'ECO:0000269', 'source': 'PubMed', 'id': '19948005'}], 'value': 'Endoplasmic reticulum membrane', 'id': 'SL-0097'}, 'topology': {'evidences': [{'evidenceCode': 'ECO:0000269', 'source': 'PubMed', 'id': '19948005'}], 'value': 'Single-pass type I membrane protein', 'id': 'SL-9905'}}, {'location': {'evidences': [{'evidenceCode': 'ECO:0000269', 'source': 'PubMed', 'id': '19948005'}], 'value': 'Golgi apparatus, cis-Golgi network membrane', 'id': 'SL-0068'}, 'topology': {'evidences': [{'evidenceCode': 'ECO:0000269', 'source': 'PubMed', 'id': '19948005'}], 'value': 'Single-pass type I membrane protein', 'id': 'SL-9905'}}, {'location': {'evidences': [{'evidenceCode': 'ECO:0000269', 'source': 'PubMed', 'id': '19948005'}], 'value': 'Endoplasmic reticulum-Golgi intermediate compartment membrane', 'id': 'SL-0099'}, 'topology': {'evidences': [{'evidenceCode': 'ECO:0000269', 'source': 'PubMed', 'id': '19948005'}], 'value': 'Single-pass type I membrane protein', 'id': 'SL-9905'}}]}]}"
P13387,Gallus gallus,P00533,EGFR,Epidermal growth factor receptor,Non-AH,"MGVRSPLSASGPRGAAVLVLLLLGVALCSAVEEKKVCQGTNNKLTQLGHVEDHFTSLQRMYNNCEVVLSNLEITYVEHNRDLTFLKTIQEVAGYVLIALNMVDVIPLENLQIIRGNVLYDNSFALAVLSNYHMNKTQGLRELPMKRLSEILNGGVKISNNPKLCNMDTVLWNDIIDTSRKPLTVLDFASNLSSCPKCHPNCTEDHCWGAGEQNCQTLTKVICAQQCSGRCRGKVPSDCCHNQCAAGCTGPRESDCLACRKFRDDATCKDTCPPLVLYNPTTYQMDVNPEGKYSFGATCVRECPHNYVVTDHGSCVRSCNTDTYEVEENGVRKCKKCDGLCSKVCNGIGIGELKGILSINATNIDSFKNCTKINGDVSILPVAFLGDAFTKTLPLDPKKLDVFRTVKEISGFLLIQAWPDNATDLYAFENLEIIRGRTKQHGQYSLAVVNLKIQSLGLRSLKEISDGDIAIMKNKNLCYADTMNWRSLFATQSQKTKIIQNRNKNDCTADRHVCDPLCSDVGCWGPGPFHCFSCRFFSRQKECVKQCNILQGEPREFERDSKCLPCHSECLVQNSTAYNTTCSGPGPDHCMKCAHFIDGPHCVKACPAGVLGENDTLVWKYADANAVCQLCHPNCTRGCKGPGLEGCPNGSKTPSIAAGVVGGLLCLVVVGLGIGLYLRRRHIVRKRTLRRLLQERELVEPLTP
","0000000000000000000000000000000000000000000000000000000000000000000000000000000000000000000000000000000000000000000000000000000000000000000000000000000000000000000000000000000000000000000000000000000000000000000000000000000000000000000000000000000000000000000000000000000000000000000000000000000000000000000000000000000000000000000000000000000000000000000000000000000000000000000000000000000000000000000000000000000000000000000000000000000000000000000000000000000000000000000000000000000000000000000000000000000000000000000000000000000000000000000000000000000000000000000000000000000000000000000000000000000000000000000000000000000000000000000000000000000000000000000000000000000000000000000000000000000
",0.0,0.0,0.0,1.0,0.14,0.0,0.0,0.0,0.0,1.0,0,NO,NO,1.0,"Cell membrane, Endoplasmic reticulum membrane, Golgi apparatus membrane, Nucleus membrane, Endosome, Endosome membrane, Nucleus, Secreted","{'entryType': 'UniProtKB reviewed (Swiss-Prot)', 'primaryAccession': 'P00533', 'comments': [{'commentType': 'SUBCELLULAR LOCATION', 'note': {'texts': [{'evidences': [{'evidenceCode': 'ECO:0000269', 'source': 'PubMed', 'id': '17182860'}, {'evidenceCode': 'ECO:0000269', 'source': 'PubMed', 'id': '17909029'}, {'evidenceCode': 'ECO:0000269', 'source': 'PubMed', 'id': '20674546'}, {'evidenceCode': 'ECO:0000269', 'source': 'PubMed', 'id': '27153536'}, {'evidenceCode': 'ECO:0000269', 'source': 'PubMed', 'id': '2790960'}], 'value': 'In response to EGF, translocated from the cell membrane to the nucleus via Golgi and ER (PubMed:20674546, PubMed:17909029). Endocytosed upon activation by ligand (PubMed:2790960, PubMed:17182860, PubMed:27153536, PubMed:17909029). Colocalized with GPER1 in the nucleus of estrogen agonist-induced cancer-associated fibroblasts (CAF) (PubMed:20551055)'}]}, 'subcellularLocations': [{'location': {'evidences': [{'evidenceCode': 'ECO:0000269', 'source': 'PubMed', 'id': '17182860'}, {'evidenceCode': 'ECO:0000269', 'source': 'PubMed', 'id': '20462955'}, {'evidenceCode': 'ECO:0000269', 'source': 'PubMed', 'id': '23589287'}, {'evidenceCode': 'ECO:0000269', 'source': 'PubMed', 'id': '27153536'}, {'evidenceCode': 'ECO:0000269', 'source': 'PubMed', 'id': '2790960'}], 'value': 'Cell membrane', 'id': 'SL-0039'}, 'topology': {'evidences': [{'evidenceCode': 'ECO:0000269', 'source': 'PubMed', 'id': '27153536'}], 'value': 'Single-pass type I membrane protein', 'id': 'SL-9905'}}, {'location': {'evidences': [{'evidenceCode': 'ECO:0000269', 'source': 'PubMed', 'id': '27153536'}], 'value': 'Endoplasmic reticulum membrane', 'id': 'SL-0097'}, 'topology': {'value': 'Single-pass type I membrane protein', 'id': 'SL-9905'}}, {'location': {'value': 'Golgi apparatus membrane', 'id': 'SL-0134'}, 'topology': {'value': 'Single-pass type I membrane protein', 'id': 'SL-9905'}}, {'location': {'value': 'Nucleus membrane', 'id': 'SL-0182'}, 'topology': {'value': 'Single-pass type I membrane protein', 'id': 'SL-9905'}}, {'location': {'evidences': [{'evidenceCode': 'ECO:0000269', 'source': 'PubMed', 'id': '17182860'}, {'evidenceCode': 'ECO:0000269', 'source': 'PubMed', 'id': '27153536'}], 'value': 'Endosome', 'id': 'SL-0101'}}, {'location': {'value': 'Endosome membrane', 'id': 'SL-0100'}}, {'location': {'evidences': [{'evidenceCode': 'ECO:0000269', 'source': 'PubMed', 'id': '17115032'}, {'evidenceCode': 'ECO:0000269', 'source': 'PubMed', 'id': '17909029'}, {'evidenceCode': 'ECO:0000269', 'source': 'PubMed', 'id': '20551055'}, {'evidenceCode': 'ECO:0000269', 'source': 'PubMed', 'id': '20674546'}], 'value': 'Nucleus', 'id': 'SL-0191'}}]}, {'commentType': 'SUBCELLULAR LOCATION', 'molecule': 'Isoform 2', 'subcellularLocations': [{'location': {'value': 'Secreted', 'id': 'SL-0243'}}]}]}"
O73895,Gallus gallus,O15533,TAPBP,Tapasin,Non-AH,"MAAGLRLLLAGLCWSQFRVEDAASPPPPPAPVRCALLEGVGRGGGLPGGGNARPALLRFGGDAETPPEPGPEPEVTFNVSDPWGTLTPLGVPPRTPPSCELNPTNPQTGSDPWSRPLHPDARSPPTAGGQWWVAAVGTPQYGVTALLQGGMGTEGTITAAVALAVLTHTPTLRARVGSPIHLHCAFAAPPSSFVLEWRHQNRGAGRVLLAYDSSTARAPRAHPGAELLLGTRDGDGVTAVTLRLARPSPGDEGTYICSVFLPHGHTQTVLQLHVFEPPKVTLSPKNLVVAPGTSAELRCHVSGFYPLDVTVTWQRRAGGSGTSQSPRDTVMDSWTSGHRQAADGTYSRTAAARLIPARPQHHGDIYSCVVTHTALAKPMRVSVRLLLAGTEGPHLEDITGLFLVAFVLCGLIRWLYPKAARPKEETKKSQ
","0000000000000000000000000000000000000000000000000000000000000000000000000000000000000000000000000000000000000000000000000000000000000000000000000000000000000000000000000000000000000000000000000000000000000000000000000000000000000000000000000000000000000000000000000000000000000000000000000000000000000000000000000000000000000000000000000000000000000000000000000000000000000000000000000000000000000000000000000000000000000000000000
",0.0,0.0,0.0,0.0,0.0,1.0,0.3796008669041399,0.5415817804905466,0.5559246678636337,1.0,0,NO,NO,1.0,Endoplasmic reticulum membrane,"{'entryType': 'UniProtKB reviewed (Swiss-Prot)', 'primaryAccession': 'O15533', 'comments': [{'commentType': 'SUBCELLULAR LOCATION', 'subcellularLocations': [{'location': {'evidences': [{'evidenceCode': 'ECO:0000305'}], 'value': 'Endoplasmic reticulum membrane', 'id': 'SL-0097'}, 'topology': {'evidences': [{'evidenceCode': 'ECO:0000305'}], 'value': 'Single-pass type I membrane protein', 'id': 'SL-9905'}}]}]}"
P23913,Gallus gallus,Q14739,LBR,Delta(14)-sterol reductase LBR,Non-AH,"MPNRKYADGEVVMGRWPGSVLYYEVQVTSYDDASHLYTVKYKDGTELALKESDIRLQSSFKQRKSQSSSSSPSRRSRSRSRSRSPGRPAKGRRRSSSHSREHKEDKKKIIQETSLAPPKPSENNTRRYNGEPDSTERNDTSSKLLEQQKLKPDVEMERVLDQYSLRSRREEKKKEEIYAEKKIFEAIKTPEKPSSKTKELEFGGRFGTFMLMFFLPATVLYLVLMCKQDDPSLMNFPPLPALESLWETKVFGVFLLWFFFQALFYLLPIGKVVEGLPLSNPRKLQYRINGFYAFLLTAAAIGTLLYFQFELHYLYDHFVQFAVSAAAFSMALSIYLYIRSLKAPEEDLAPGGNSGYLVYDFFTGHELNPRIGSFDLKYFCELRPGLIGWVVINLAMLLAEMKIHNQSMPSLSMILVNSFQLLYVVDALWNEEAVLTTMDITHDGFGFMLAFGDLVWVPFVYSLQAFYLVGHPIAISWPVAAAITILNCIGYYIFRSANSQKNNFRRNPADPKLSYLKVIPTATGKGLLVTGWWGFVRHPNYLGDIIMALAWSLPCGFNHILPYFYVIYFICLLVHREARDEHHCKKKYGLAWERYCQRVPYTHISLHLLEHSTYLICKLKYTSHLCTWSVCYLGFKH
","0000000000000000000000000000000000000000000000000000000000000000000000000000000000000000000000000000000000000000000000000000000000000000000000000000000000000000000000000000000000000000000000000000000000000000000000000000000000000000000000000000000000000000000000000000000000000000000000000000000000000000000000000000000000000000000000000000000000000000000000000000000000000000000000000000000000000000000000000000000000000000000000000000000000000000000000000000000000000000000000000000000000000000000000000000000000000000000000000000000000000000000000000000000000000000000000000000000000000000000000000000000000000000000000000000000000000
",0.0,1.0,1.0,1.0,inf,1.0,0.6430857171191001,0.8872235216356129,0.8392866309492312,4.0,1,Validated,Nuclear membrane: Validated,1.0,"Nucleus inner membrane, Endoplasmic reticulum membrane, Cytoplasm, Nucleus","{'entryType': 'UniProtKB reviewed (Swiss-Prot)', 'primaryAccession': 'Q14739', 'comments': [{'commentType': 'SUBCELLULAR LOCATION', 'note': {'texts': [{'evidences': [{'evidenceCode': 'ECO:0000269', 'source': 'PubMed', 'id': '21327084'}], 'value': 'Nucleus; nuclear rim'}]}, 'subcellularLocations': [{'location': {'evidences': [{'evidenceCode': 'ECO:0000269', 'source': 'PubMed', 'id': '32694168'}, {'evidenceCode': 'ECO:0000269', 'source': 'PubMed', 'id': '8157662'}], 'value': 'Nucleus inner membrane', 'id': 'SL-0179'}, 'topology': {'evidences': [{'evidenceCode': 'ECO:0000255'}], 'value': 'Multi-pass membrane protein', 'id': 'SL-9909'}}, {'location': {'evidences': [{'evidenceCode': 'ECO:0000269', 'source': 'PubMed', 'id': '21327084'}], 'value': 'Endoplasmic reticulum membrane', 'id': 'SL-0097'}}, {'location': {'evidences': [{'evidenceCode': 'ECO:0000269', 'source': 'PubMed', 'id': '21327084'}], 'value': 'Cytoplasm', 'id': 'SL-0086'}}, {'location': {'evidences': [{'evidenceCode': 'ECO:0000269', 'source': 'PubMed', 'id': '21327084'}], 'value': 'Nucleus', 'id': 'SL-0191'}}]}]}"
Q5ZJW4,Gallus gallus,O75396,SEC22B,Vesicle-trafficking protein SEC22b,Non-AH,"MVLLTMIARVADGLPLAASMQEDEQSGRDLQQYQSQAKQLFRKLNEQSPTRCTLEAGAMAFHYIIEKGVCYLVLCEAAFPKKLAFAYLEDLQSEFDEQHGKKVPTVSRPYSFIEFDTYIQKTKKLYIDSRARRNLGSINTELQDVQRIMVANIEEVLQRGEALSALDSKANNLSSLSKKYRQDAKYLNMRSTYAKLAAVAVFFIMLIVYVRFWWL
","00000000000000000000000000000000000000000000000000000000000000000000000000000000000000000000000000000000000000000000000000000000000000000000000000000000000000000000000000000000000000000000000000000000000000000000000
",0.0,0.0,0.0,0.0,0.0,1.0,0.3559947085391176,0.5111015559218315,0.4730634020885371,1.0,0,NO,NO,1.0,"Endoplasmic reticulum membrane, Endoplasmic reticulum-Golgi intermediate compartment membrane, Golgi apparatus, cis-Golgi network membrane, Golgi apparatus, trans-Golgi network membrane, Melanosome","{'entryType': 'UniProtKB reviewed (Swiss-Prot)', 'primaryAccession': 'O75396', 'comments': [{'commentType': 'SUBCELLULAR LOCATION', 'note': {'texts': [{'evidences': [{'evidenceCode': 'ECO:0000250', 'source': 'UniProtKB', 'id': 'Q4KM74'}, {'evidenceCode': 'ECO:0000269', 'source': 'PubMed', 'id': '17081065'}], 'value': 'Concentrated most in the intermediate compartment/cis-Golgi network and the cis-Golgi cisternae 1 and 2. Greatly reduced in concentration at the trans end of the Golgi apparatus (By similarity). Identified by mass spectrometry in melanosome fractions from stage I to stage IV (PubMed:17081065)'}]}, 'subcellularLocations': [{'location': {'evidences': [{'evidenceCode': 'ECO:0000250', 'source': 'UniProtKB', 'id': 'Q4KM74'}], 'value': 'Endoplasmic reticulum membrane', 'id': 'SL-0097'}, 'topology': {'evidences': [{'evidenceCode': 'ECO:0000250', 'source': 'UniProtKB', 'id': 'Q4KM74'}], 'value': 'Single-pass type IV membrane protein', 'id': 'SL-9908'}}, {'location': {'evidences': [{'evidenceCode': 'ECO:0000250', 'source': 'UniProtKB', 'id': 'Q4KM74'}], 'value': 'Endoplasmic reticulum-Golgi intermediate compartment membrane', 'id': 'SL-0099'}}, {'location': {'evidences': [{'evidenceCode': 'ECO:0000250', 'source': 'UniProtKB', 'id': 'Q4KM74'}], 'value': 'Golgi apparatus, cis-Golgi network membrane', 'id': 'SL-0068'}}, {'location': {'evidences': [{'evidenceCode': 'ECO:0000250', 'source': 'UniProtKB', 'id': 'Q4KM74'}], 'value': 'Golgi apparatus, trans-Golgi network membrane', 'id': 'SL-0267'}}, {'location': {'evidences': [{'evidenceCode': 'ECO:0000269', 'source': 'PubMed', 'id': '17081065'}], 'value': 'Melanosome', 'id': 'SL-0161'}}]}]}"
P48306,Gallus gallus,O95168,NDUFB4,NADH dehydrogenase [ubiquinone] 1 beta subcomplex subunit 4,Non-AH,"MASGPSRTAAEEYRPNRYVSLPAELDPATYDTPLEKRRAEAERLAIRARLKRQYLLQLNTPKPPRVIEDPALLRWDYARTHNVYPTFRPTPKTSFLGAVFAIGPILFWIAAFKTERVSSAGGVEHQGAPGCKT
","0000000000000000000000000000000000000000000000000000000000000000000000000000000000000000000000000000000000000000000000000000000000000
",0.0,0.0,0.0,0.0,0.0,1.0,0.5496074596664461,0.3951927085239086,0.2133588725086714,1.0,1,Supported,Nuclear membrane: Approved;Mitochondria: Supported,0.0,Mitochondrion inner membrane,"{'entryType': 'UniProtKB reviewed (Swiss-Prot)', 'primaryAccession': 'O95168', 'comments': [{'commentType': 'SUBCELLULAR LOCATION', 'subcellularLocations': [{'location': {'evidences': [{'evidenceCode': 'ECO:0000305', 'source': 'PubMed', 'id': '12611891'}], 'value': 'Mitochondrion inner membrane', 'id': 'SL-0168'}, 'topology': {'evidences': [{'evidenceCode': 'ECO:0000255'}], 'value': 'Single-pass membrane protein', 'id': 'SL-9904'}, 'orientation': {'evidences': [{'evidenceCode': 'ECO:0000305'}], 'value': 'Matrix side', 'id': 'SL-9913'}}]}]}"
Q5BJP5,Rattus norvegicus,Q96A57,Tmem230,Transmembrane protein 230,Non-AH,"MMPSRTNLATGIPSSKVKYSRLSSTDDGYIDLQFKKSPPKIPYKAIALATVLFLIGTFLIIIGSLLLSGYISKGGADRAVPVLIIGILVFLPGFYHLRIAYYASKGYRGYSYDDIPDFDD
","000000000000000000000000000000000000000000000000000000000000000000000000000000000000000000000000000000000000000000000000
",0.0,0.0,0.0,1.0,0.77,1.0,0.4171008722051511,0.1661308763030714,0.612214493099812,2.0,0,NO,NO,0.0,"Membrane, Golgi apparatus, trans-Golgi network, Cytoplasmic vesicle, secretory vesicle, synaptic vesicle, Early endosome, Recycling endosome, Late endosome, Cytoplasmic vesicle, autophagosome","{'entryType': 'UniProtKB reviewed (Swiss-Prot)', 'primaryAccession': 'Q96A57', 'comments': [{'commentType': 'SUBCELLULAR LOCATION', 'subcellularLocations': [{'location': {'evidences': [{'evidenceCode': 'ECO:0000305'}], 'value': 'Membrane', 'id': 'SL-0162'}, 'topology': {'evidences': [{'evidenceCode': 'ECO:0000305'}], 'value': 'Multi-pass membrane protein', 'id': 'SL-9909'}}, {'location': {'evidences': [{'evidenceCode': 'ECO:0000269', 'source': 'PubMed', 'id': '27270108'}], 'value': 'Golgi apparatus, trans-Golgi network', 'id': 'SL-0266'}}, {'location': {'evidences': [{'evidenceCode': 'ECO:0000269', 'source': 'PubMed', 'id': '27270108'}], 'value': 'Cytoplasmic vesicle, secretory vesicle, synaptic vesicle', 'id': 'SL-0259'}}, {'location': {'evidences': [{'evidenceCode': 'ECO:0000269', 'source': 'PubMed', 'id': '27270108'}], 'value': 'Early endosome', 'id': 'SL-0094'}}, {'location': {'evidences': [{'evidenceCode': 'ECO:0000269', 'source': 'PubMed', 'id': '27270108'}], 'value': 'Recycling endosome', 'id': 'SL-0232'}}, {'location': {'evidences': [{'evidenceCode': 'ECO:0000269', 'source': 'PubMed', 'id': '27270108'}], 'value': 'Late endosome', 'id': 'SL-0152'}}, {'location': {'evidences': [{'evidenceCode': 'ECO:0000269', 'source': 'PubMed', 'id': '27270108'}], 'value': 'Cytoplasmic vesicle, autophagosome', 'id': 'SL-0023'}}]}]}"
Q63190,Rattus norvegicus,P50402,Emd,Emerin,Non-AH,"MDDYAVLSDTELAAVLRQYNIPHGPILGSTRKLYEKKIFEYETQRRRLSPPSSSSSSFSYRFSDLDSASVDSDMYDLPKKEDALLYQSKDYNDDYYEESYLTTRTYGEPESVGMSKSFRRPGTSLVDADDTFHHQVRDDIFSSSEEEGKDRERPIYGRDSAYQSIAEYRPISNVSRSSLGLSYYPRSSTSSVSSSSSSPSSWLTRRAIRPEKQAPTAALGQDRQVPLWGQLLLFLAFATFLLFVYYSIQAQEGNPFWMDP
","00000000000000000000000000000000000000000000000000000000000000000000000000000000000000000000000000000000000000000000000000000000000000000000000000000000000000000000000000000000000000000000000000000000000000000000000000000000000000000000000000000000000000000000
",0.0,1.0,1.0,1.0,20.24,1.0,0.603330246805736,0.6989947022433876,0.629420530754914,4.0,1,Validated,Nuclear membrane: Validated;Endoplasmic reticulum: Supported,1.0,"Nucleus inner membrane, Nucleus outer membrane","{'entryType': 'UniProtKB reviewed (Swiss-Prot)', 'primaryAccession': 'P50402', 'comments': [{'commentType': 'SUBCELLULAR LOCATION', 'note': {'texts': [{'value': 'Colocalized with BANF1 at the central region of the assembling nuclear rim, near spindle-attachment sites. The accumulation of different intermediates of prelamin-A/C (non-farnesylated or carboxymethylated farnesylated prelamin-A/C) in fibroblasts modify its localization in the nucleus'}]}, 'subcellularLocations': [{'location': {'evidences': [{'evidenceCode': 'ECO:0000269', 'source': 'PubMed', 'id': '19167377'}], 'value': 'Nucleus inner membrane', 'id': 'SL-0179'}, 'topology': {'value': 'Single-pass membrane protein', 'id': 'SL-9904'}, 'orientation': {'evidences': [{'evidenceCode': 'ECO:0000269', 'source': 'PubMed', 'id': '19167377'}], 'value': 'Nucleoplasmic side', 'id': 'SL-9915'}}, {'location': {'value': 'Nucleus outer membrane', 'id': 'SL-0183'}}]}]}"
Q80Z70,Rattus norvegicus,Q9UBV2,Sel1l,Protein sel-1 homolog 1,Non-AH,"MQVRVRLLLLLCAVLLGSAAASSDEETNQDESLDSKGALPTDGSVKDHTTGKVVLLARDLLILKDSEVESLLQDEEESSKSQEEVSVTEDISFLDSPNPSSKTYEELKRVRKPVLTAIEGTAHGEPCHFPFLFLDKEYDECTSDGREDGRLWCATTYDYKTDEKWGFCETEEDAAKRRQMQEAEAIYQSGMKILNGSTRKNQKREAYRYLQKAAGMNHTKALERVSYALLFGDYLTQNIQAAKEMFEKLTEEGSPKGQTGLGFLYASGLGVNSSQAKALVYYTFGALGGNLIAHMVLGYRYWAGIGVLQSCESALTHYRLVANHVASDISLTGGSVVQRIRLPDEVENPGMNSGMLEEDLIQYYQFLAEKGDVQAQVGLGQLHLHGGRGVEQNHQRAFDYFNLAANAGNSHAMAFLGKMYSEGSDIVPQSNETALHYFKKAADMGNPVGQSGLGMAYLYGRGVQVNYDLALKYFQKAAEQGWVDGQLQLGSMYYNGIGVKRDYKQALKYFNLASQGGHILAFYNLAQMHASGTGVMRSCHTAVELFKNVCERGRWSERLMTAYNSYKDDDYNAAVVQYLLLAEQGYEVAQSNAAFILDQREATIVGENETYPRALLHWNRAASQGYTVARIKLGDYHFYGFGTDVDYETAFIHYRLASEQQHSAQAMFNLGYMHEKGLGIKQDIHLAKRFYDMAAEASPDAQVPVFLALCKLGVVYFLQYIREANIRDLFTQLDMDQLLGPEWDLYLMTIIALLLGTVIAYRQRQHQDIPVPRPPGPRPAPPQQEGPPEQQPPQ
","00000000000000000000000000000000000000000000000000000000000000000000000000000000000000000000000000000000000000000000000000000000000000000000000000000000000000000000000000000000000000000000000000000000000000000000000000000000000000000000000000000000000000000000000000000000000000000000000000000000000000000000000000000000000000000000000000000000000000000000000000000000000000000000000000000000000000000000000000000000000000000000000000000000000000000000000000000000000000000000000000000000000000000000000000000000000000000000000000000000000000000000000000000000000000000000000000000000000000000000000000000000000000000000000000000000000000000000000000000000000000000000000000000000000000000000000000000000000000000000000000000000000000000000000000000000000000000000000000000000000000000000000000
",0.0,0.0,0.0,0.0,0.0,1.0,0.4459516320054818,0.425896382838655,0.6346946232419641,1.0,0,NO,NO,1.0,Endoplasmic reticulum membrane,"{'entryType': 'UniProtKB reviewed (Swiss-Prot)', 'primaryAccession': 'Q9UBV2', 'comments': [{'commentType': 'SUBCELLULAR LOCATION', 'subcellularLocations': [{'location': {'evidences': [{'evidenceCode': 'ECO:0000269', 'source': 'PubMed', 'id': '16186509'}], 'value': 'Endoplasmic reticulum membrane', 'id': 'SL-0097'}, 'topology': {'evidences': [{'evidenceCode': 'ECO:0000269', 'source': 'PubMed', 'id': '16186509'}], 'value': 'Single-pass type I membrane protein', 'id': 'SL-9905'}}]}]}"
Q29175,Sus scrofa,Q92504,SLC39A7,Zinc transporter SLC39A7,Non-AH,"HSHHPLEQPRHGHSHSGQGPILSVGLWVLSGIVAFLVVEKFVRHVKGGHGHSHGHGHAHGTRMEVMAWKTGVSSKEKQSSEEEEKEAGASRKRRGGSTRPKDGPVRPQHSGEEKQGQTCVCQGIILTTMTVLLHEVPHEVGDFAILVQSGCSKKQ
","00000000000000000000000000000000000000000000000000000000000000000000000000000000000000000000000000000000000000000000000000000000000000000000000000000000000
",0.0,0.0,0.0,0.0,0.0,1.0,0.1414229946970238,0.6790887787816008,0.4315604474528847,1.0,0,NO,NO,1.0,"Endoplasmic reticulum membrane, Golgi apparatus, cis-Golgi network membrane","{'entryType': 'UniProtKB reviewed (Swiss-Prot)', 'primaryAccession': 'Q92504', 'comments': [{'commentType': 'SUBCELLULAR LOCATION', 'subcellularLocations': [{'location': {'evidences': [{'evidenceCode': 'ECO:0000269', 'source': 'PubMed', 'id': '14525538'}, {'evidenceCode': 'ECO:0000269', 'source': 'PubMed', 'id': '29980658'}, {'evidenceCode': 'ECO:0000269', 'source': 'PubMed', 'id': '30237509'}, {'evidenceCode': 'ECO:0000269', 'source': 'PubMed', 'id': '30718914'}], 'value': 'Endoplasmic reticulum membrane', 'id': 'SL-0097'}, 'topology': {'evidences': [{'evidenceCode': 'ECO:0000255'}], 'value': 'Multi-pass membrane protein', 'id': 'SL-9909'}}, {'location': {'evidences': [{'evidenceCode': 'ECO:0000269', 'source': 'PubMed', 'id': '15705588'}], 'value': 'Golgi apparatus, cis-Golgi network membrane', 'id': 'SL-0068'}, 'topology': {'evidences': [{'evidenceCode': 'ECO:0000255'}], 'value': 'Multi-pass membrane protein', 'id': 'SL-9909'}}]}]}"
O77760,Chlorocebus aethiops,P35610,SOAT1,Sterol O-acyltransferase 1,Non-AH,"MVGEEKMSLRNRLSKSRENPEEDEDQRKPAKESLEAPSNGRIDIKQLIAKKIKLTAEAEELKPFFMKEVGSHFDDFVTNLIEKSASLDNGGCALTTFSILEGEKNNHRAKDLRAPPEQGKIFIARRSLLDELLEVDHIRTIYHMFIALLILFILSTLVVDYIDEGRLVLEFSLLSYAFGKFPTVVWTWWIMFLSTFSVPYFLFQRWATGYSKSSHPLINSLFHGFLFMVFQIGILGFGPTYVVLAYTLPPASRFIIIFEQIRFVMKAHSFVRENVPRVLNSAKEKSSTVPIPTVNQYLYFLFAPTLIYRDSYPRNPTVRWGYVAMQFAQVFGCFFYVYYIFERLCAPLFRNIKQEPFSARVLVLCVFNSILPGVLILFLTFFAFLHCWLNAFAEMLRFGDRMFYKDWWNSTSYSNYYRTWNVVVHDWLYYYAYKDFLWFFSKRFKSAAMLAVFAVSAVVHEYALAVCLSFFYPVLFVLFMFFGMAFNFIVNDSRKKPIWNVMMWTSLFLGNGVLLCFYSQEWYARQHCPLKNPTFLDYVRPRSWTCRYVF
","0000000000000000000000000000000000000000000000000000000000000000000000000000000000000000000000000000000000000000000000000000000000000000000000000000000000000000000000000000000000000000000000000000000000000000000000000000000000000000000000000000000000000000000000000000000000000000000000000000000000000000000000000000000000000000000000000000000000000000000000000000000000000000000000000000000000000000000000000000000000000000000000000000000000000000000000000000000000000000000000000000000000000000000000000000000000000000000000000000000000000000000000
",0.0,0.0,0.0,0.0,0.0,1.0,0.5223417088555216,0.7800501644692595,0.6777913062678377,1.0,0,NO,NO,1.0,Endoplasmic reticulum membrane,"{'entryType': 'UniProtKB reviewed (Swiss-Prot)', 'primaryAccession': 'P35610', 'comments': [{'commentType': 'SUBCELLULAR LOCATION', 'subcellularLocations': [{'location': {'evidences': [{'evidenceCode': 'ECO:0000269', 'source': 'PubMed', 'id': '10438503'}, {'evidenceCode': 'ECO:0000269', 'source': 'PubMed', 'id': '16154994'}], 'value': 'Endoplasmic reticulum membrane', 'id': 'SL-0097'}, 'topology': {'evidences': [{'evidenceCode': 'ECO:0000269', 'source': 'PubMed', 'id': '32433613'}, {'evidenceCode': 'ECO:0000269', 'source': 'PubMed', 'id': '32433614'}], 'value': 'Multi-pass membrane protein', 'id': 'SL-9909'}}]}]}"
Q5JZQ8,Canis lupus familiaris,Q9NWW5,CLN6,Ceroid-lipofuscinosis neuronal protein 6 homolog,Non-AH,"MEAAARRRQHPGAAGGAGAQPGASFLQARHSSGKADEAVGTAPFHLDLWFYFTLQNWVLDFGRPIAMLVFPLEWFPLNKPSVGDYFHMAYNIITPFLLLKLIERSPRTLPRSVIYVSIITFVMGASIHLVGDSVNHRLLFSGYQHHLSVRENPIIKNLSPETLIDSFELLYYYDEYLGHCMWYVPFFLILFIYFSGCFTPTKAESSMPGAALLLAMPSGLYYWYLVTEGQIFILFIFTFFAMLALVLHQKRKRLFLDSNGLFLFYSFALTLLLVALWVAWLWNDPVLRKKYPGVIYVPEPWAFYTLHVSSRP
","000000000000000000000000000000000000000000000000000000000000000000000000000000000000000000000000000000000000000000000000000000000000000000000000000000000000000000000000000000000000000000000000000000000000000000000000000000000000000000000000000000000000000000000000000000000000000000000000000000000000000000000000
",0.0,1.0,1.0,0.0,0.0,0.0,0.0,0.0,0.0,2.0,0,NO,NO,1.0,"Endoplasmic reticulum membrane, Endoplasmic reticulum","{'entryType': 'UniProtKB reviewed (Swiss-Prot)', 'primaryAccession': 'Q9NWW5', 'comments': [{'commentType': 'SUBCELLULAR LOCATION', 'subcellularLocations': [{'location': {'evidences': [{'evidenceCode': 'ECO:0000269', 'source': 'PubMed', 'id': '15265688'}], 'value': 'Endoplasmic reticulum membrane', 'id': 'SL-0097'}, 'topology': {'evidences': [{'evidenceCode': 'ECO:0000269', 'source': 'PubMed', 'id': '15265688'}], 'value': 'Multi-pass membrane protein', 'id': 'SL-9909'}}, {'location': {'evidences': [{'evidenceCode': 'ECO:0000269', 'source': 'PubMed', 'id': '19941651'}], 'value': 'Endoplasmic reticulum', 'id': 'SL-0095'}}]}]}"
Q9VHG4,Drosophila melanogaster,O75787,ATP6AP2,ATPase H(+)-transporting accessory protein 2,Non-AH,"MLRVFVIFSLFIAAINASGEFTVLNRPKAISFKGNDALESHYVGDVLYASMGNAVSGDTNWNGLTINDPFNLAKGVILVHVQGIGHVTTAGNVKTYELTGSGTDASLNALAAELEAANEPVCDINFEQFDDGVQAWKSCFGDFEAPAAKPTKHLNPSLHTADKQFLQEVGFINSAADHLAEMAKPSNVLMLRVSVDGVAKAHGEKSVAVEEANKLLSAAISRLLAASQKSSDSVLFVQTTEKDVAASRAKRDTIAASTTNPYNLAVYYGSDYPVIFNIILWFMVVFGLSLLAICYAIAAMDPGRDSIIYRMTSTRIKKDN
","00000000000000000000000000000000000000000000000000000000000000000000000000000000000000000000000000000000000000000000000000000000000000000000000000000000000000000000000000000000000000000000000000000000000000000000000000000000000000000000000000000000000000000000000000000000000000000000000000000000000000000000000000000000
",0.0,0.0,0.0,0.0,0.0,1.0,0.7678649415459194,0.5347589529779696,0.7952695000175611,1.0,0,NO,NO,1.0,"Endoplasmic reticulum membrane, Lysosome membrane, Cytoplasmic vesicle, autophagosome membrane, Cell projection, dendritic spine membrane, Cell projection, axon, Endosome membrane, Cytoplasmic vesicle, clathrin-coated vesicle membrane, Cytoplasmic vesicle, secretory vesicle, synaptic vesicle membrane","{'entryType': 'UniProtKB reviewed (Swiss-Prot)', 'primaryAccession': 'O75787', 'comments': [{'commentType': 'SUBCELLULAR LOCATION', 'subcellularLocations': [{'location': {'evidences': [{'evidenceCode': 'ECO:0000269', 'source': 'PubMed', 'id': '29127204'}], 'value': 'Endoplasmic reticulum membrane', 'id': 'SL-0097'}, 'topology': {'evidences': [{'evidenceCode': 'ECO:0000305'}], 'value': 'Single-pass type I membrane protein', 'id': 'SL-9905'}}, {'location': {'evidences': [{'evidenceCode': 'ECO:0000269', 'source': 'PubMed', 'id': '29127204'}], 'value': 'Lysosome membrane', 'id': 'SL-0157'}, 'topology': {'evidences': [{'evidenceCode': 'ECO:0000305'}], 'value': 'Single-pass type I membrane protein', 'id': 'SL-9905'}}, {'location': {'evidences': [{'evidenceCode': 'ECO:0000250', 'source': 'UniProtKB', 'id': 'Q9CYN9'}], 'value': 'Cytoplasmic vesicle, autophagosome membrane', 'id': 'SL-0022'}, 'topology': {'evidences': [{'evidenceCode': 'ECO:0000305'}], 'value': 'Single-pass type I membrane protein', 'id': 'SL-9905'}}, {'location': {'evidences': [{'evidenceCode': 'ECO:0000250', 'source': 'UniProtKB', 'id': 'Q9CYN9'}], 'value': 'Cell projection, dendritic spine membrane', 'id': 'SL-0285'}, 'topology': {'evidences': [{'evidenceCode': 'ECO:0000305'}], 'value': 'Single-pass type I membrane protein', 'id': 'SL-9905'}}, {'location': {'evidences': [{'evidenceCode': 'ECO:0000250', 'source': 'UniProtKB', 'id': 'Q9CYN9'}], 'value': 'Cell projection, axon', 'id': 'SL-0279'}}, {'location': {'evidences': [{'evidenceCode': 'ECO:0000250', 'source': 'UniProtKB', 'id': 'Q9CYN9'}], 'value': 'Endosome membrane', 'id': 'SL-0100'}, 'topology': {'evidences': [{'evidenceCode': 'ECO:0000305'}], 'value': 'Single-pass type I membrane protein', 'id': 'SL-9905'}}, {'location': {'evidences': [{'evidenceCode': 'ECO:0000250', 'source': 'UniProtKB', 'id': 'Q6AXS4'}], 'value': 'Cytoplasmic vesicle, clathrin-coated vesicle membrane', 'id': 'SL-0071'}, 'topology': {'evidences': [{'evidenceCode': 'ECO:0000305'}], 'value': 'Single-pass type I membrane protein', 'id': 'SL-9905'}}, {'location': {'evidences': [{'evidenceCode': 'ECO:0000250', 'source': 'UniProtKB', 'id': 'Q6AXS4'}], 'value': 'Cytoplasmic vesicle, secretory vesicle, synaptic vesicle membrane', 'id': 'SL-0260'}, 'topology': {'evidences': [{'evidenceCode': 'ECO:0000305'}], 'value': 'Single-pass type I membrane protein', 'id': 'SL-9905'}}]}]}"
Q6DFJ8,Xenopus laevis,Q9C0E8,lnpk,Endoplasmic reticulum junction formation protein lunapark,Non-AH,"MGALLAKWRAKPSTVEVLEKMEKDIQSLEEFRDKNQKLRKIWVARLFFYSTILYILTSLTVYLWYLPGGMTARLLTTLLFLLFPVLIWFVRTLLILWFSRRTERNNDALELLKAEKKKILEEVMEKETYKAAKIILERFDPDSRKIKELELPVPGPPITPRPGQDLRQRTAAQRNISVSTPVNPGQGSPQVSGLLAATPALQRDTSAPGGPPERSVQPTPQSNILQRRPGSPATAVSGMALHPPGPPLARPILPRERGAMDRVIEYLVGDGPQNRYALICQQCFSHNGMALKEEFEYVAFRCAYCYFLNPARKTRPQAPRLQEISFDRQRQRTDSQGSVNTLQLPAADQLENQQSPEAMEEDSPAQAEEQAIEEQVIEEQVTEEQLIEDQVIEEDSTCSEQQWEEAPDDTEKDNLPAAEVNPSLPAPAANESEESFMETE
","00000000000000000000000000000000000000000000000000000000000000000000000000000000000000000000000000000000000000000000000000000000000000000000000000000000000000000000000000000000000000000000000000000000000000000000000000000000000000000000000000000000000000000000000000000000000000000000000000000000000000000000000000000000000000000000000000000000000000000000000000000000000000000000000000000000000000000000000000000000000000000000000000000000
",0.0,1.0,0.0,0.0,0.0,0.0,0.0,0.0,0.0,1.0,1,Supported,Nucleoplasm: Uncertain;Endoplasmic reticulum: Supported,1.0,Endoplasmic reticulum membrane,"{'entryType': 'UniProtKB reviewed (Swiss-Prot)', 'primaryAccession': 'Q9C0E8', 'comments': [{'commentType': 'SUBCELLULAR LOCATION', 'note': {'texts': [{'evidences': [{'evidenceCode': 'ECO:0000269', 'source': 'PubMed', 'id': '22729086'}, {'evidenceCode': 'ECO:0000269', 'source': 'PubMed', 'id': '24223779'}, {'evidenceCode': 'ECO:0000269', 'source': 'PubMed', 'id': '25404289'}, {'evidenceCode': 'ECO:0000269', 'source': 'PubMed', 'id': '25548161'}, {'evidenceCode': 'ECO:0000269', 'source': 'PubMed', 'id': '27619977'}], 'value': 'Localizes at endoplasmic reticulum (ER) three-way tubular junctions, which represent crossing-points at which the tubules build a polygonal network (PubMed:22729086, PubMed:24223779, PubMed:25404289, PubMed:25548161, PubMed:27619977)'}]}, 'subcellularLocations': [{'location': {'evidences': [{'evidenceCode': 'ECO:0000269', 'source': 'PubMed', 'id': '22729086'}, {'evidenceCode': 'ECO:0000269', 'source': 'PubMed', 'id': '24223779'}, {'evidenceCode': 'ECO:0000269', 'source': 'PubMed', 'id': '25404289'}, {'evidenceCode': 'ECO:0000269', 'source': 'PubMed', 'id': '25548161'}, {'evidenceCode': 'ECO:0000269', 'source': 'PubMed', 'id': '27619977'}], 'value': 'Endoplasmic reticulum membrane', 'id': 'SL-0097'}, 'topology': {'evidences': [{'evidenceCode': 'ECO:0000269', 'source': 'PubMed', 'id': '22729086'}, {'evidenceCode': 'ECO:0000269', 'source': 'PubMed', 'id': '24223779'}], 'value': 'Multi-pass membrane protein', 'id': 'SL-9909'}, 'orientation': {'evidences': [{'evidenceCode': 'ECO:0000269', 'source': 'PubMed', 'id': '24223779'}, {'evidenceCode': 'ECO:0000269', 'source': 'PubMed', 'id': '25548161'}], 'value': 'Cytoplasmic side', 'id': 'SL-9910'}}]}]}"
Q68EU8,Xenopus laevis,Q9BV81,emc6,ER membrane protein complex subunit 6,Non-AH,"MAGVALKREGPQFISEAAVRGNAAVLDYCRTSVSALSGATAGILGLTSLYGFIFYFLASFLLSLLLVLKSGRKWNKYFKSRKPLFTGGLVGGLFTYVLFWTFLYGMVHVY
","00000000000000000000000000000000000000000000000000000000000000000000000000000000000000000000000000000000000000
",0.0,1.0,0.0,0.0,0.0,0.0,0.0,0.0,0.0,1.0,0,NO,NO,1.0,Endoplasmic reticulum membrane,"{'entryType': 'UniProtKB reviewed (Swiss-Prot)', 'primaryAccession': 'Q9BV81', 'comments': [{'commentType': 'SUBCELLULAR LOCATION', 'subcellularLocations': [{'location': {'evidences': [{'evidenceCode': 'ECO:0000269', 'source': 'PubMed', 'id': '22119785'}, {'evidenceCode': 'ECO:0000269', 'source': 'PubMed', 'id': '30415835'}], 'value': 'Endoplasmic reticulum membrane', 'id': 'SL-0097'}, 'topology': {'evidences': [{'evidenceCode': 'ECO:0000269', 'source': 'PubMed', 'id': '32439656'}, {'evidenceCode': 'ECO:0000269', 'source': 'PubMed', 'id': '32459176'}], 'value': 'Multi-pass membrane protein', 'id': 'SL-9909'}}]}]}"
Q3KPV4,Xenopus laevis,Q9BVT8,tmub1,Transmembrane and ubiquitin-like domain-containing protein 1,Non-AH,"MALIEGVGDEVTVLFALVLFFMVLMLAWVSTHTTERAPTHWIRPEPAQGGASSNSQRDFHPGPSQTLTNADPNSETVDSSDSTQSSREFQNAGATPHSEVAFSSSGSTVSTGGSVEYTGAAADSPPDGESHPNFTVSSRDPQAGASSSLRYRGLGDGTTAQSAEEAGTIHLRLKFLNDTERLVTVRLSDTIMYIKRTYFPGQELRVRLIFQGQLLRDDSQTVSSLQLRDGSVLHCHISQHASVPGVGADQANVPLNVGNLLVPLLFLIVMLLWYCQFQYPSLFTGTATACLGGFTLLISAIAFSSYHR
","00000000000000000000000000000000000000000000000000000000000000000000000000000000000000000000000000000000000000000000000000000000000000000000000000000000000000000000000000000000000000000000000000000000000000000000000000000000000000000000000000000000000000000000000000000000000000000000000000000000000000000000
",0.0,0.0,0.0,1.0,0.24,0.0,0.0,0.0,0.0,1.0,1,Supported,Nucleoplasm: Supported;Cytosol: Supported,0.0,"Membrane, Postsynaptic cell membrane, Recycling endosome, Cytoplasm, Nucleus, Nucleus, nucleolus, Cytoplasm, Cytoplasm, cytoskeleton, microtubule organizing center, centrosome, Nucleus, nucleolus, Nucleus","{'entryType': 'UniProtKB reviewed (Swiss-Prot)', 'primaryAccession': 'Q9BVT8', 'comments': [{'commentType': 'SUBCELLULAR LOCATION', 'subcellularLocations': [{'location': {'evidences': [{'evidenceCode': 'ECO:0000250', 'source': 'UniProtKB', 'id': 'Q9JMG3'}], 'value': 'Membrane', 'id': 'SL-0162'}, 'topology': {'evidences': [{'evidenceCode': 'ECO:0000250', 'source': 'UniProtKB', 'id': 'Q9JMG3'}], 'value': 'Multi-pass membrane protein', 'id': 'SL-9909'}}, {'location': {'evidences': [{'evidenceCode': 'ECO:0000250', 'source': 'UniProtKB', 'id': 'Q9JMG3'}], 'value': 'Postsynaptic cell membrane', 'id': 'SL-0219'}}, {'location': {'evidences': [{'evidenceCode': 'ECO:0000250', 'source': 'UniProtKB', 'id': 'Q53AQ4'}], 'value': 'Recycling endosome', 'id': 'SL-0232'}}, {'location': {'evidences': [{'evidenceCode': 'ECO:0000250', 'source': 'UniProtKB', 'id': 'Q9JMG3'}], 'value': 'Cytoplasm', 'id': 'SL-0086'}}, {'location': {'evidences': [{'evidenceCode': 'ECO:0000250', 'source': 'UniProtKB', 'id': 'Q9JMG3'}], 'value': 'Nucleus', 'id': 'SL-0191'}}, {'location': {'evidences': [{'evidenceCode': 'ECO:0000250', 'source': 'UniProtKB', 'id': 'Q9JMG3'}], 'value': 'Nucleus, nucleolus', 'id': 'SL-0188'}}]}, {'commentType': 'SUBCELLULAR LOCATION', 'molecule': 'iHOPS', 'note': {'texts': [{'evidences': [{'evidenceCode': 'ECO:0000250', 'source': 'UniProtKB', 'id': 'Q9JMG3'}], 'value': 'iHOPS is proposed to be the shuttling form across different cellular compartments. XPO1-dependent exported from the nucleus in dividing cells. Predominantly nuclear during growth arrest'}]}, 'subcellularLocations': [{'location': {'evidences': [{'evidenceCode': 'ECO:0000250', 'source': 'UniProtKB', 'id': 'Q53AQ4'}, {'evidenceCode': 'ECO:0000250', 'source': 'UniProtKB', 'id': 'Q9JMG3'}], 'value': 'Cytoplasm', 'id': 'SL-0086'}}, {'location': {'evidences': [{'evidenceCode': 'ECO:0000250', 'source': 'UniProtKB', 'id': 'Q9JMG3'}], 'value': 'Cytoplasm, cytoskeleton, microtubule organizing center, centrosome', 'id': 'SL-0048'}}, {'location': {'evidences': [{'evidenceCode': 'ECO:0000250', 'source': 'UniProtKB', 'id': 'Q9JMG3'}], 'value': 'Nucleus, nucleolus', 'id': 'SL-0188'}}, {'location': {'evidences': [{'evidenceCode': 'ECO:0000250', 'source': 'UniProtKB', 'id': 'Q9JMG3'}], 'value': 'Nucleus', 'id': 'SL-0191'}}]}]}"
Q4VBI7,Danio rerio,Q9P2W9,stx18,Syntaxin-18,Non-AH,"MAADITLLFKASVKTVKTRNKALGLMETTGREEPGAQKRPRPRQRDSFSCKAREVISNISKLKDFLLQHRKDYVNAGSVMSSEVSRMTDSERDQIDQDAQIFMRTCAEAISQLRSEMDKKQVSMQVKDHRAAVLDLIDSYLKGVCKLYSEQRAVRVKRVVDKKRLSRLEPEQINTEKRQSDGEENDKPVSDGNVDLWEENRVEDDLSPEEIQMFEQENQRLVGEMNSLLDEVRQIEGKVVEISRLQEIFSEKVLQQETEIDSIHQLVVGATENVKEGNEDIREAIKNNAGFRVWILFFLVMCSFSLLFLDWYDS
","00000000000000000000000000000000000000000000000000000000000000000000000000000000000000000000000000000000000000000000000000000000000000000000000000000000000000000000000000000000000000000000000000000000000000000000000000000000000000000000000000000000000000000000000000000000000000000000000000000000000000000000000000
",0.0,0.0,0.0,0.0,0.0,1.0,0.6198220748630207,0.1122162157962027,0.1194428256207431,1.0,0,NO,NO,1.0,"Endoplasmic reticulum membrane, Golgi apparatus membrane","{'entryType': 'UniProtKB reviewed (Swiss-Prot)', 'primaryAccession': 'Q9P2W9', 'comments': [{'commentType': 'SUBCELLULAR LOCATION', 'subcellularLocations': [{'location': {'evidences': [{'evidenceCode': 'ECO:0000305', 'source': 'PubMed', 'id': '15029241'}], 'value': 'Endoplasmic reticulum membrane', 'id': 'SL-0097'}, 'topology': {'evidences': [{'evidenceCode': 'ECO:0000305', 'source': 'PubMed', 'id': '15029241'}], 'value': 'Single-pass type IV membrane protein', 'id': 'SL-9908'}}, {'location': {'evidences': [{'evidenceCode': 'ECO:0000305'}], 'value': 'Golgi apparatus membrane', 'id': 'SL-0134'}, 'topology': {'evidences': [{'evidenceCode': 'ECO:0000305'}], 'value': 'Single-pass type IV membrane protein', 'id': 'SL-9908'}}]}]}"
Q0V947,Danio rerio,Q9NX61,tmem161a,Transmembrane protein 161A,Non-AH,"MALMGVQLVVSLLAVSIMQRMAPHLSFARWLLCNGSLLKFRHPSEGELCALAGKQIPKTSRRDRRQNGHGESKPLTVPKDIDLHLESTPVNVMDALVLRFFVEYQWLIDFAVYATGIYLFTEGYYSVVDASKEVNIASIWCVLTVLFCLRTLYLLMSHYFLSEEGGERSVCLAFGFLSLLIAMLVLVVREDYLEFGLEPGFTSLFDNFEVFARKQGYEWSVPFTKLSVKLGLAVICAFIGALLAFPGLRLAQTHLDAVQMNADRPMIQILLHMSFLSPLVIIVMWIKPIARDFLGNAPMGKTSVTLLSSSAFSSVRLWTIVVLCVLRLLLTRYHLQAYLNLAQKWVEQMKKEAGRIAAIDIQRKVTRIFCYLTVVTLQYLIPILLVLFSTLALKSLGDFSWGLGAETPGVTPAPIIPSSTPPPVPGPEDDEDMEDMEEDIQATVAHLTELFSALRALLTPIFFRGIFAFLTWWVAACQLISSLFGIYFHQYLMHN
","000000000000000000000000000000000000000000000000000000000000000000000000000000000000000000000000000000000000000000000000000000000000000000000000000000000000000000000000000000000000000000000000000000000000000000000000000000000000000000000000000000000000000000000000000000000000000000000000000000000000000000000000000000000000000000000000000000000000000000000000000000000000000000000000000000000000000000000000000000000000000000000000000000000000000000000000000000000000000000000000000000000000000
",0.0,1.0,1.0,1.0,inf,0.0,0.0,0.0,0.0,3.0,0,NO,NO,0.0,Membrane,"{'entryType': 'UniProtKB reviewed (Swiss-Prot)', 'primaryAccession': 'Q9NX61', 'comments': [{'commentType': 'SUBCELLULAR LOCATION', 'subcellularLocations': [{'location': {'evidences': [{'evidenceCode': 'ECO:0000305'}], 'value': 'Membrane', 'id': 'SL-0162'}, 'topology': {'evidences': [{'evidenceCode': 'ECO:0000305'}], 'value': 'Multi-pass membrane protein', 'id': 'SL-9909'}}]}]}"
Q8BXZ1,Mus musculus,Q96JJ7,Tmx3,Protein disulfide-isomerase TMX3,Non-AH,"MANAVGRRSWAALRLCAAVILLDLAVCKGFVEDLNESFKDNRKDDIWLVDFYAPWCGHCKKLEPIWNEVGLEMKSIGSPVKVGKMDATSYSSIASEFGVRGYPTIKLLKGDLAYNYRGPRTKDDIIEFAHRVSGALIRPLPSQQMFDHVRKRHRVFFVYIGGESPLKEKYIDAASELIVYTYFFSASEDVVPEYVTLKEMPAVLVFKDDTYFVYDEYEDGDLSSWISRERFQNYLTMDGFLLYELGDTGKLVAIAVIDEKNTSLEHTRLKSIIQEVARDFRDHFHRDFQFGHMDGNDYINTLLMDELTVPTIVVLNTSNQQYFLLDRHIKDASDMVQFINSILDGTVPAQGGDSIFQRLKRIVFDAKSTIVSIFKSSPLMGCFLFGLPLGVISIMCYGIYTADTDGGYIEERYEVSKSEMENQEQIEESKEQESSSGGSLAPTVQEPKDVLEKKKD
","000000000000000000000000000000000000000000000000000000000000000000000000000000000000000000000000000000000000000000000000000000000000000000000000000000000000000000000000000000000000000000000000000000000000000000000000000000000000000000000000000000000000000000000000000000000000000000000000000000000000000000000000000000000000000000000000000000000000000000000000000000000000000000000000000000000000000000000000000000000000000000000000000000000000000000000000
",0.0,1.0,0.0,1.0,2.03,1.0,0.6819529193182274,0.2941351870326998,0.5735029250458699,3.0,0,NO,NO,1.0,Endoplasmic reticulum membrane,"{'entryType': 'UniProtKB reviewed (Swiss-Prot)', 'primaryAccession': 'Q96JJ7', 'comments': [{'commentType': 'SUBCELLULAR LOCATION', 'subcellularLocations': [{'location': {'evidences': [{'evidenceCode': 'ECO:0000269', 'source': 'PubMed', 'id': '15623505'}], 'value': 'Endoplasmic reticulum membrane', 'id': 'SL-0097'}, 'topology': {'evidences': [{'evidenceCode': 'ECO:0000269', 'source': 'PubMed', 'id': '15623505'}], 'value': 'Single-pass membrane protein', 'id': 'SL-9904'}}]}]}"
Q9D8V0,Mus musculus,Q8TCT9,Hm13,Minor histocompatibility antigen H13,Non-AH,"MDSAVSDPHNGSAEAGTPANGTTRPPSTPEGIALAYGSLLLMALLPIFFGALRSVRCARGKSSSDMPETITSRDAARFPIIASCTLLGLYLFFKIFSQEYINLLLSMYFFVLGILALSHTISPFMNKFFPANFPNRQYQLLFTQGSGENKEEIINYEFDTKDLVCLGLSSVVGVWYLLRKHWIANNLFGLAFSLNGVELLHLNNVSTGCILLGGLFIYDIFWVFGTNVMVTVAKSFEAPIKLVFPQDLLEKGLEADNFAMLGLGDIVIPGIFIALLLRFDISLKKNTHTYFYTSFAAYIFGLGLTIFIMHIFKHAQPALLYLVPACIGFPVLVALAKGEVAEMFSYEESNPKDPAAETESKEESTEASASKRLEKKEK
","000000000000000000000000000000000000000000000000000000000000000000000000000000000000000000000000000000000000000000000000000000000000000000000000000000000000000000000000000000000000000000000000000000000000000000000000000000000000000000000000000000000000000000000000000000000000000000000000000000000000000000000000000000000000000000000000000000000000000000000000000000000000000000
",0.0,0.0,0.0,0.0,0.0,1.0,0.2536773130612306,0.7197176734930979,0.65306381998403,1.0,0,NO,NO,1.0,"Endoplasmic reticulum membrane, Membrane, Cell membrane","{'entryType': 'UniProtKB reviewed (Swiss-Prot)', 'primaryAccession': 'Q8TCT9', 'comments': [{'commentType': 'SUBCELLULAR LOCATION', 'subcellularLocations': [{'location': {'evidences': [{'evidenceCode': 'ECO:0000269', 'source': 'PubMed', 'id': '15998642'}], 'value': 'Endoplasmic reticulum membrane', 'id': 'SL-0097'}, 'topology': {'evidences': [{'evidenceCode': 'ECO:0000305'}], 'value': 'Multi-pass membrane protein', 'id': 'SL-9909'}}, {'location': {'evidences': [{'evidenceCode': 'ECO:0000269', 'source': 'PubMed', 'id': '12077416'}, {'evidenceCode': 'ECO:0000269', 'source': 'PubMed', 'id': '15385547'}], 'value': 'Membrane', 'id': 'SL-0162'}, 'topology': {'evidences': [{'evidenceCode': 'ECO:0000305'}], 'value': 'Multi-pass membrane protein', 'id': 'SL-9909'}, 'orientation': {'evidences': [{'evidenceCode': 'ECO:0000269', 'source': 'PubMed', 'id': '12077416'}, {'evidenceCode': 'ECO:0000269', 'source': 'PubMed', 'id': '15385547'}], 'value': 'Lumenal side', 'id': 'SL-9914'}}]}, {'commentType': 'SUBCELLULAR LOCATION', 'molecule': 'Isoform 4', 'subcellularLocations': [{'location': {'evidences': [{'evidenceCode': 'ECO:0000250', 'source': 'UniProtKB', 'id': 'Q9D8V0'}], 'value': 'Cell membrane', 'id': 'SL-0039'}, 'topology': {'evidences': [{'evidenceCode': 'ECO:0000250', 'source': 'UniProtKB', 'id': 'Q9D8V0'}], 'value': 'Multi-pass membrane protein', 'id': 'SL-9909'}}]}]}"
Q32LC4,Bos taurus,Q8N4V1,MMGT1,ER membrane protein complex subunit 5,Non-AH,"MAPSLWKGLVGIGLFALAHAAFSAAQHYFPSSGIKWKRKCEFLQSSSFQDKIFRSMYYVYDRSYMRLTEKEDESLPIDIVLQTLLAFAVTCYGIVHIAGEFKDMDATSELKNKTFDTLRNHPSFYVYNHRGRVLFRPSDTTNSSNQDALSSNTSLKLRKLESLRR
","000000000000000000000000000000000000000000000000000000000000000000000000000000000000000000000000000000000000000000000000000000000000000000000000000000000000000000000
",0.0,0.0,0.0,0.0,0.0,1.0,0.5026805643027951,0.3233557969899298,0.567328637454909,1.0,0,NO,NO,1.0,"Endoplasmic reticulum membrane, Golgi apparatus membrane, Early endosome membrane","{'entryType': 'UniProtKB reviewed (Swiss-Prot)', 'primaryAccession': 'Q8N4V1', 'comments': [{'commentType': 'SUBCELLULAR LOCATION', 'subcellularLocations': [{'location': {'evidences': [{'evidenceCode': 'ECO:0000269', 'source': 'PubMed', 'id': '22119785'}], 'value': 'Endoplasmic reticulum membrane', 'id': 'SL-0097'}, 'topology': {'evidences': [{'evidenceCode': 'ECO:0000269', 'source': 'PubMed', 'id': '32439656'}, {'evidenceCode': 'ECO:0000269', 'source': 'PubMed', 'id': '32459176'}], 'value': 'Multi-pass membrane protein', 'id': 'SL-9909'}}, {'location': {'evidences': [{'evidenceCode': 'ECO:0000250', 'source': 'UniProtKB', 'id': 'Q8K273'}], 'value': 'Golgi apparatus membrane', 'id': 'SL-0134'}, 'topology': {'evidences': [{'evidenceCode': 'ECO:0000269', 'source': 'PubMed', 'id': '32439656'}, {'evidenceCode': 'ECO:0000269', 'source': 'PubMed', 'id': '32459176'}], 'value': 'Multi-pass membrane protein', 'id': 'SL-9909'}}, {'location': {'evidences': [{'evidenceCode': 'ECO:0000250', 'source': 'UniProtKB', 'id': 'Q8K273'}], 'value': 'Early endosome membrane', 'id': 'SL-0093'}, 'topology': {'evidences': [{'evidenceCode': 'ECO:0000269', 'source': 'PubMed', 'id': '32439656'}, {'evidenceCode': 'ECO:0000269', 'source': 'PubMed', 'id': '32459176'}], 'value': 'Multi-pass membrane protein', 'id': 'SL-9909'}}]}]}"
